sample_name,well,concentration,volume
Sample_001,A1,34.2,41.3
Sample_002,B1,113.0,18.2
Sample_003,C1,2525.6,63.8
Sample_004,D1,52.28,96.3
Sample_005,E1,227.4,27.6
Sample_006,F1,149.2,70.7
Sample_007,G1,75.2,103.6
Sample_008,H1,315.2,34.6
Sample_009,A2,149.9,75.4
Sample_010,B2,376.6,16.1
Sample_011,C2,375.2,32.7
Sample_012,D2,196.0,37.8
Sample_013,E2,43.7,56.8
Sample_014,F2,91.1,19.1
Sample_015,G2,2725.5,60.2
Sample_016,H2,52.11,98.9
Sample_017,A3,271.4,54.4
Sample_018,B3,210.7,52.1
Sample_019,C3,384.3,30.1
Sample_020,D3,396.8,28.2
Sample_021,E3,336.3,19.1
Sample_022,F3,152.7,56.3
Sample_023,G3,95.7,84.6
Sample_024,H3,103.9,81.8
Sample_025,A4,34.1,58.2
Sample_026,B4,124.4,16.3
Sample_027,C4,1680.6,76.8
Sample_028,D4,51.8,98.4
Sample_029,E4,130.9,96.0
Sample_030,F4,127.9,73.6
Sample_031,G4,446.0,26.4
Sample_032,H4,279.4,43.5
Sample_033,A5,389.5,33.3
Sample_034,B5,153.2,41.1
Sample_035,C5,186.4,45.1
Sample_036,D5,146.2,99.1
Sample_037,E5,41.3,55.7
Sample_038,F5,158.7,15.7
Sample_039,G5,2846.2,52.9
Sample_040,H5,51.03,97.0
Sample_041,A6,281.1,29.8
Sample_042,B6,290.1,48.5
Sample_043,C6,218.8,36.4
Sample_044,D6,449.1,23.6
Sample_045,E6,100.0,64.2
Sample_046,F6,107.2,108.6
Sample_047,G6,370.0,26.5
Sample_048,H6,89.5,105.4
Sample_049,A7,44.9,66.5
Sample_050,B7,196.5,18.6
Sample_051,C7,1220.7,66.0
Sample_052,D7,51.86,98.1
Sample_053,E7,167.7,70.2
Sample_054,F7,107.9,91.9
Sample_055,G7,239.7,60.8
Sample_056,H7,402.2,20.8
Sample_057,A8,257.7,29.5
Sample_058,B8,416.4,33.2
Sample_059,C8,179.9,65.3
Sample_060,D8,299.5,24.6
Sample_061,E8,37.9,67.0
Sample_062,F8,173.4,16.3
Sample_063,G8,1201.0,46.2
Sample_064,H8,50.54,99.7
Sample_065,A9,403.3,33.4
Sample_066,B9,183.4,35.6
Sample_067,C9,403.0,36.0
Sample_068,D9,98.0,105.9
Sample_069,E9,91.6,140.2
Sample_070,F9,359.8,19.9
Sample_071,G9,248.0,44.1
Sample_072,H9,167.0,82.9
Sample_073,A10,27.7,50.6
Sample_074,B10,144.7,23.0
Sample_075,C10,1562.1,45.6
Sample_076,D10,52.49,98.6
Sample_077,E10,233.7,45.6
Sample_078,F10,111.6,71.9
Sample_079,G10,195.2,57.9
Sample_080,H10,153.6,52.0
Sample_081,A11,92.3,126.5
Sample_082,B11,153.1,92.4
Sample_083,C11,396.0,16.8
Sample_084,D11,156.6,76.8
Sample_085,E11,21.4,46.6
Sample_086,F11,192.3,15.2
Sample_087,G11,2050.8,69.2
Sample_088,H11,52.11,96.8
Sample_089,A12,102.3,96.6
Sample_090,B12,228.1,44.7
Sample_091,C12,345.7,34.9
Sample_092,D12,443.9,15.5
Sample_093,E12,220.0,41.2
Sample_094,F12,396.7,20.8
Sample_095,G12,138.2,72.6
Sample_096,H12,227.4,37.4
